"field","pct"
"doi",70.2193800515143
"abstract",99.404920508038
"url",100
"language",100
"keywords",96.2962962962963
"countries",98.1081801225686
"refs",100
